language,flores_code,ip_flores,model,ip_mean,ip_std,ip_median,tp
Standard Arabic,arb_Arab,ar,Phi-Mini,0.6533238007468591,0.12569998226771675,0.6532059263916185,3.413039987152722
Assamese,asm_Beng,as,Phi-Mini,0.2364001658100278,0.05528931261253718,0.23091911934851955,6.112220973181307
North Azerbaijani,azj_Latn,aj,Phi-Mini,0.2872824364966255,0.06829765261961704,0.28070142565765016,2.6016059097478723
Bengali,ben_Beng,bn,Phi-Mini,0.33383535161318256,0.07804898496491089,0.3274288663941504,5.349285370162197
Bulgarian,bul_Cyrl,bg,Phi-Mini,0.36015767352472233,0.0807740908410995,0.35379602832435925,1.7743375622290027
Catalan,cat_Latn,ca,Phi-Mini,0.4806960290873064,0.09958356078810772,0.4772411841999859,1.5058936887746908
Czech,ces_Latn,cs,Phi-Mini,0.5420196084483961,0.11172146346782602,0.5362537536621091,1.6879717359884374
Central Kurdish,ckb_Arab,ck,Phi-Mini,0.2427123525974746,0.05673773943150596,0.23674633154129898,4.430319576039826
Danish,dan_Latn,da,Phi-Mini,0.5594271408206096,0.10870221969595593,0.5527795650577269,1.5381724747069214
German,deu_Latn,de,Phi-Mini,0.834253281798351,0.13708437357042758,0.8317003854750925,1.4096033402922756
Greek,ell_Grek,el,Phi-Mini,0.4429209634553456,0.09628900100891029,0.4361148696801713,4.978866227718003
Estonian,est_Latn,et,Phi-Mini,0.2909606495239916,0.07240232896784464,0.28626405126223414,1.7605588565922594
Basque,eus_Latn,eu,Phi-Mini,0.29131653929919715,0.06739237494922459,0.28444999793991166,1.788405331620363
Finnish,fin_Latn,fi,Phi-Mini,0.4748284632920957,0.09843910857202584,0.46970157102293464,1.906696643648627
French,fra_Latn,fr,Phi-Mini,0.8761157370321151,0.13889166855312712,0.8706260350011057,1.473165248113056
Gujarati,guj_Gujr,gu,Phi-Mini,0.2738213466902416,0.06530345119150387,0.27148390342729567,9.964926931106472
Haitian Creole,hat_Latn,ht,Phi-Mini,0.3015919562924923,0.06927761992132284,0.2947476918756441,1.5713826882929178
Hebrew,heb_Hebr,he,Phi-Mini,0.5222922422353345,0.11068783870324607,0.5147369803608618,3.2847920346876505
Hindi,hin_Deva,hi,Phi-Mini,0.5832734290463272,0.12456473775892997,0.5726345719289869,4.577517263529789
Croatian,hrv_Latn,hr,Phi-Mini,0.3780314259082148,0.08448106935665291,0.36987870808314693,1.657298859804079
Hungarian,hun_Latn,hu,Phi-Mini,0.4782790560665847,0.09967416325539291,0.4742945012072526,1.7878914405010438
Indonesian,ind_Latn,id,Phi-Mini,0.5725131582714376,0.10886430652207282,0.5686229804420351,1.7556447727637707
Italian,ita_Latn,it,Phi-Mini,0.8120074351498794,0.13340850202952398,0.8032207177446539,1.464975108398908
Japanese,jpn_Jpan,ja,Phi-Mini,0.7235985095162135,0.14179752872142548,0.7228888457135616,2.2286494299020396
Kannada,kan_Knda,kn,Phi-Mini,0.2618208496858905,0.05953151644959352,0.2572251952528448,10.810663240725871
Georgian,kat_Geor,ka,Phi-Mini,0.2903741592341153,0.0665533779619712,0.28741788099525534,4.842299662758953
Korean,kor_Hang,ko,Phi-Mini,0.6423431507987832,0.12914362821039832,0.6368524634818236,3.1572828007066005
Ligurian,lij_Latn,lj,Phi-Mini,0.2652331230508784,0.06237694899321866,0.25758706944171444,1.8386703067287617
Standard Latvian,lvs_Latn,iv,Phi-Mini,0.31284375402948755,0.06895818512450304,0.30851464678502283,2.0858840533162035
Malayalam,mal_Mlym,ml,Phi-Mini,0.2495017369158284,0.0590126967028506,0.2463898476195951,5.532037899470049
Marathi,mar_Deva,mr,Phi-Mini,0.27716090688253275,0.06192453735111739,0.27110938064252565,4.57587923558696
Burmese,mya_Mymr,my,Phi-Mini,0.2357630339265036,0.05559221427272397,0.2296534457543961,8.347069214710134
Dutch,nld_Latn,nl,Phi-Mini,0.7225680347918656,0.13837294160148914,0.7158266339024921,1.4638509715753976
Norwegian Bokmål,nob_Latn,no,Phi-Mini,0.5295160979608418,0.10478808303238454,0.5232108387812086,1.4944917295647984
Nepali,npi_Deva,np,Phi-Mini,0.3057112421527628,0.06958602596636816,0.2998426546317715,4.480745142123013
Northern Sotho,nso_Latn,ns,Phi-Mini,0.2365550156395207,0.05797755939703731,0.2290151034241279,2.0127188052031477
Odia,ory_Orya,or,Phi-Mini,0.2388785663014493,0.05689499383984865,0.23504517500925587,11.537016219688454
Eastern Panjabi,pan_Guru,pa,Phi-Mini,0.2620519821329919,0.06275364660471769,0.2571568051372941,9.434912477918742
Portuguese,por_Latn,pr,Phi-Mini,0.8269295146940783,0.13095714136776607,0.829153040145077,1.4164766340131685
Ayacucho Quechua,quy_Latn,qu,Phi-Mini,0.2716209906780059,0.06657371347592252,0.26504849536468816,1.9656977677854504
Romanian,ron_Latn,ro,Phi-Mini,0.47667086095369987,0.09626317662421219,0.4753136861059796,1.6972538943311386
Russian,rus_Cyrl,ru,Phi-Mini,0.7453684926106251,0.15735816017822427,0.7382232644096527,1.6182752529307853
Spanish,spa_Latn,es,Phi-Mini,0.7956321643354642,0.13751625498605952,0.7934352783999805,1.4489802473101012
Serbian,srp_Cyrl,sr,Phi-Mini,0.3073174992167517,0.06739567324929774,0.301936815188833,1.7217921952786253
Swahili,swh_Latn,sw,Phi-Mini,0.3467332760911073,0.07772839917828549,0.3400985619035499,1.85251324875542
Tamil,tam_Taml,ta,Phi-Mini,0.32274101729220683,0.07720173358442996,0.31587511797431145,5.859001124136824
Telugu,tel_Telu,te,Phi-Mini,0.2745370469197103,0.06412623219132338,0.27014002769132234,10.657652159948611
Thai,tha_Thai,th,Phi-Mini,0.5121074555454554,0.12234882493700573,0.5047890857886048,4.346587441785772
Turkish,tur_Latn,tr,Phi-Mini,0.51557757947788,0.10788420395047212,0.5123820860983153,2.09208286494299
Ukrainian,ukr_Cyrl,uk,Phi-Mini,0.5557191617709836,0.11987935684469928,0.5447859447156638,1.7133772281997752
Urdu,urd_Arab,ur,Phi-Mini,0.33418220765802237,0.07533370015411653,0.3305101916121529,4.3470692147101335
Vietnamese,vie_Latn,vi,Phi-Mini,0.5099087603838616,0.10395889171323844,0.5037843782165812,2.9110968363577965
Chinese (Simplified),zho_Hans,zh,Phi-Mini,0.7305814799502759,0.1463671566372495,0.7267395931122891,1.976457363096194
Standard Malay,zsm_Latn,ms,Phi-Mini,0.49082327763077016,0.09952927604035809,0.4816750348897146,1.8151597880199133
Standard Arabic,arb_Arab,ar,Gemma,0.6659704097882614,0.11599811513429441,0.6674439637799148,1.4904444444444445
Assamese,asm_Beng,as,Gemma,0.43851510295879575,0.09079146582718899,0.4321410436063033,3.234037037037037
North Azerbaijani,azj_Latn,aj,Gemma,0.5457323110105742,0.11045161897413155,0.5407858328642031,2.098888888888889
Bengali,ben_Beng,bn,Gemma,0.5662934936942515,0.10660059938018535,0.5591133109763258,2.6845925925925926
Bulgarian,bul_Cyrl,bg,Gemma,0.6996014610959362,0.11366650988203313,0.6979103806701756,1.628074074074074
Catalan,cat_Latn,ca,Gemma,0.6977021364573528,0.10923412793511224,0.6948665248557004,1.5261111111111112
Czech,ces_Latn,cs,Gemma,0.720663860656187,0.11349105540949536,0.7178965288518115,1.5007037037037037
Central Kurdish,ckb_Arab,ck,Gemma,0.4104835317160419,0.08483714507948129,0.4021239650963093,2.8732962962962962
Danish,dan_Latn,da,Gemma,0.7167643120328651,0.10972993163330566,0.7139461646352363,1.3854074074074074
German,deu_Latn,de,Gemma,0.7790300494218962,0.11486312456436062,0.7767903801188447,1.253962962962963
Greek,ell_Grek,el,Gemma,0.6612878963686615,0.11465662813107746,0.6593215984916949,2.300666666666667
Estonian,est_Latn,et,Gemma,0.6136004508495204,0.11359795310512912,0.60512467238507,1.6274444444444445
Basque,eus_Latn,eu,Gemma,0.5461371764248517,0.10473007295399453,0.5419117239998271,1.6870370370370371
Finnish,fin_Latn,fi,Gemma,0.6725482555222783,0.11501112388398657,0.6686680791656168,1.6157777777777778
French,fra_Latn,fr,Gemma,0.7988006973269732,0.11981718910712905,0.7999939724285425,1.3634444444444445
Gujarati,guj_Gujr,gu,Gemma,0.5367094299505206,0.10642395028123791,0.5301187726332812,3.022037037037037
Haitian Creole,hat_Latn,ht,Gemma,0.39973772698932997,0.07767439666533302,0.39488799582713063,1.5369629629629629
Hebrew,heb_Hebr,he,Gemma,0.6992228074855013,0.1150651641875741,0.6981486583120478,1.6272592592592592
Hindi,hin_Deva,hi,Gemma,0.633626435755295,0.10942355340106052,0.6308200041342529,1.8526666666666667
Croatian,hrv_Latn,hr,Gemma,0.6730215597316389,0.1158234319451263,0.6710335882645879,1.5975925925925927
Hungarian,hun_Latn,hu,Gemma,0.6792618127247981,0.11252785946201715,0.6762784400582889,1.6717037037037037
Indonesian,ind_Latn,id,Gemma,0.722624443806066,0.10693592040977322,0.7173413208922963,1.1104444444444443
Italian,ita_Latn,it,Gemma,0.757303868828411,0.11011808253347806,0.7584222673137593,1.3473333333333333
Japanese,jpn_Jpan,ja,Gemma,0.7301393060281843,0.12842687864290767,0.7284555939551667,1.201148148148148
Kannada,kan_Knda,kn,Gemma,0.5410454417335496,0.11338121531175567,0.5337246445970333,3.3203703703703704
Georgian,kat_Geor,ka,Gemma,0.5495211410517459,0.10925011631704698,0.5454256915498531,3.697925925925926
Korean,kor_Hang,ko,Gemma,0.6664632983144275,0.11720540768600977,0.6649621986490761,1.644
Ligurian,lij_Latn,lj,Gemma,0.3305612213051843,0.06709220878155886,0.3256321021018529,1.8514444444444444
Standard Latvian,lvs_Latn,iv,Gemma,0.6000249334259854,0.11241187370113902,0.6005747228312373,1.8140370370370371
Malayalam,mal_Mlym,ml,Gemma,0.5573083919444385,0.10693568837839874,0.5521597291582068,3.2542962962962965
Marathi,mar_Deva,mr,Gemma,0.5231473443340348,0.09519327968282913,0.5197687122944826,2.261185185185185
Burmese,mya_Mymr,my,Gemma,0.41594278868514856,0.08861018811036003,0.4084395180369998,4.840592592592593
Dutch,nld_Latn,nl,Gemma,0.7501593084035734,0.12450126242059384,0.7408520728295362,1.3302592592592593
Norwegian Bokmål,nob_Latn,no,Gemma,0.6882050009655866,0.10728339541069319,0.6854399836828109,1.338851851851852
Nepali,npi_Deva,np,Gemma,0.5292257016915943,0.10233629828568992,0.5234078273042826,2.1265185185185187
Northern Sotho,nso_Latn,ns,Gemma,0.3509551985452234,0.07400893611827748,0.34864572598022137,1.9945555555555556
Odia,ory_Orya,or,Gemma,0.24914408071657287,0.05472690312330074,0.24414499039305043,5.031592592592593
Eastern Panjabi,pan_Guru,pa,Gemma,0.49114008651273533,0.10409866495024435,0.4832125674545047,3.240666666666667
Portuguese,por_Latn,pr,Gemma,0.7661398675081457,0.1105975109952842,0.7700793147311801,1.2312592592592593
Ayacucho Quechua,quy_Latn,qu,Gemma,0.32496537929752045,0.07327472028950875,0.320042090629026,1.830851851851852
Romanian,ron_Latn,ro,Gemma,0.6994744065416945,0.1062009532971087,0.6967270386722708,1.557074074074074
Russian,rus_Cyrl,ru,Gemma,0.7815171012477312,0.1319387068259975,0.780236326444698,1.3812592592592592
Spanish,spa_Latn,es,Gemma,0.7448366091708973,0.1164182950985643,0.7409861234338413,1.2665555555555557
Serbian,srp_Cyrl,sr,Gemma,0.6475600767251716,0.10883029686114386,0.6483274388326039,1.756888888888889
Swahili,swh_Latn,sw,Gemma,0.5761750785995826,0.10396799565232216,0.5780890579132199,1.6117037037037036
Tamil,tam_Taml,ta,Gemma,0.5690675555967367,0.11301375993903083,0.5632284614280162,2.5985185185185187
Telugu,tel_Telu,te,Gemma,0.5461728176643851,0.11209879342738015,0.5391195496567438,2.8757407407407407
Thai,tha_Thai,th,Gemma,0.680742321741834,0.1213679930761308,0.6805724815144951,1.8614074074074074
Turkish,tur_Latn,tr,Gemma,0.6741456275580209,0.11126529797344602,0.6721494794367605,1.4017777777777778
Ukrainian,ukr_Cyrl,uk,Gemma,0.7209693870493942,0.11841232895171099,0.7166930916812833,1.6585925925925926
Urdu,urd_Arab,ur,Gemma,0.544429440339839,0.10555794328436596,0.5388374878693997,1.925037037037037
Vietnamese,vie_Latn,vi,Gemma,0.7194162312129884,0.11683559114482076,0.718207797983344,1.3732222222222221
Chinese (Simplified),zho_Hans,zh,Gemma,0.7612206728138263,0.13774284571072867,0.7560252377046776,1.0988518518518517
Standard Malay,zsm_Latn,ms,Gemma,0.6671729101548847,0.10348029966524745,0.6675908833684643,1.1754814814814816
Standard Arabic,arb_Arab,ar,Llama3,0.6308495344769726,0.1118177038109564,0.6310118220413168,1.6504320212687393
Assamese,asm_Beng,as,Llama3,0.4225837900572021,0.08564679106914112,0.4187924323142804,6.137619082785614
North Azerbaijani,azj_Latn,aj,Llama3,0.530755746489864,0.10377995783727109,0.526108203199923,2.42031607709918
Bengali,ben_Beng,bn,Llama3,0.5607023900388948,0.10256437798188779,0.5564803066890944,5.779410678679565
Bulgarian,bul_Cyrl,bg,Llama3,0.6357291624630578,0.10655444330542137,0.6357934409090256,2.037663392659331
Catalan,cat_Latn,ca,Llama3,0.6657582957505377,0.104916247215262,0.6668372746024016,1.7048223912561848
Czech,ces_Latn,cs,Llama3,0.7053018240460036,0.11135331129502682,0.7020817480296773,1.499926150210472
Central Kurdish,ckb_Arab,ck,Llama3,0.42234498007014454,0.08394970916670641,0.4180774550207153,3.9616719592349163
Danish,dan_Latn,da,Llama3,0.6690767083338084,0.10314156179661989,0.6634836079869756,1.619821283509342
German,deu_Latn,de,Llama3,0.7714619669379057,0.1123523755290893,0.7692571697020821,1.5822317406395392
Greek,ell_Grek,el,Llama3,0.6350697787304938,0.10804246944148876,0.6392506648628196,2.2412672623883023
Estonian,est_Latn,et,Llama3,0.5298943631845766,0.10231391205645038,0.5251123763677006,1.8592792260542057
Basque,eus_Latn,eu,Llama3,0.5008107946854994,0.09692405782580697,0.49424148651431,1.8597592496861384
Finnish,fin_Latn,fi,Llama3,0.6292851529147337,0.10661709261337446,0.6270230988278738,1.9844915441990991
French,fra_Latn,fr,Llama3,0.8093951638626002,0.11015723988034724,0.8073280296388115,1.6037958791817444
Gujarati,guj_Gujr,gu,Llama3,0.48025647882538114,0.09679591507764247,0.47827848318944816,7.6918617531940034
Haitian Creole,hat_Latn,ht,Llama3,0.3971927883882583,0.07612753851890267,0.3959531612671281,1.694446495827487
Hebrew,heb_Hebr,he,Llama3,0.635289509428014,0.10625305716524251,0.6322049140143766,3.6630603352780446
Hindi,hin_Deva,hi,Llama3,0.6433005377772268,0.11310316578216989,0.6415562558276459,2.525108928439554
Croatian,hrv_Latn,hr,Llama3,0.6353846080753364,0.1067232490444592,0.6306020810284063,1.7681116608817664
Hungarian,hun_Latn,hu,Llama3,0.6687237046868177,0.11039865392029866,0.6677319357461221,2.118935086035005
Indonesian,ind_Latn,id,Llama3,0.7406852246141786,0.10824018444604518,0.7384315930041307,1.5409497082933314
Italian,ita_Latn,it,Llama3,0.7562511663882828,0.1090762411826231,0.7592264982624852,1.6408684735248504
Japanese,jpn_Jpan,ja,Llama3,0.7052134700670368,0.12320276968016472,0.7021091051615829,1.5365187209216453
Kannada,kan_Knda,kn,Llama3,0.5207173822903324,0.10931589759553753,0.511848668527402,8.891182335130345
Georgian,kat_Geor,ka,Llama3,0.5394912044931063,0.1046261584306581,0.5349408563600226,9.82257588065874
Korean,kor_Hang,ko,Llama3,0.6673812194722257,0.11725409899896487,0.6640110678767497,1.4863747138320655
Ligurian,lij_Latn,lj,Llama3,0.31946381369749594,0.06313702583366479,0.31436156544289173,1.9714570563473894
Standard Latvian,lvs_Latn,iv,Llama3,0.5123637073936739,0.09735335061331196,0.5090013527087072,2.307732072963592
Malayalam,mal_Mlym,ml,Llama3,0.5216415056397625,0.1016876935784864,0.5159572957248035,8.998559929104202
Marathi,mar_Deva,mr,Llama3,0.5123787863469559,0.09312662527322113,0.5092105080807796,2.809799867070379
Burmese,mya_Mymr,my,Llama3,0.41626418045162744,0.08881585311773506,0.41243694660761454,11.692895650247397
Dutch,nld_Latn,nl,Llama3,0.7524483278388616,0.12191773225650494,0.7457708092738544,1.5972970977032714
Norwegian Bokmål,nob_Latn,no,Llama3,0.6457128321740275,0.10376853108666857,0.6414293048286491,1.5537626467764567
Nepali,npi_Deva,np,Llama3,0.48467949211344546,0.09665670726546129,0.47894161404471436,2.5861457794845286
Northern Sotho,nso_Latn,ns,Llama3,0.3276930481886429,0.067626339770383,0.32429350313126193,2.1467026068975703
Odia,ory_Orya,or,Llama3,0.444669998783768,0.08745686829531986,0.44020123632077435,12.20522856509859
Eastern Panjabi,pan_Guru,pa,Llama3,0.47449318922689576,0.09529121630269624,0.467812311916894,7.840041355882136
Portuguese,por_Latn,pr,Llama3,0.7705707116021799,0.10461272189230168,0.7709039714976337,1.4775865888782218
Ayacucho Quechua,quy_Latn,qu,Llama3,0.33695359949217707,0.07438931751971886,0.33392434857168585,2.0691972527878297
Romanian,ron_Latn,ro,Llama3,0.6775831575989566,0.10204281469876189,0.6800949256982021,1.8711690421682299
Russian,rus_Cyrl,ru,Llama3,0.7682505051047724,0.12406392877848414,0.7634783577975509,1.612547079240824
Spanish,spa_Latn,es,Llama3,0.7546065111351051,0.11170246022136122,0.7504741795126135,1.542980577505354
Serbian,srp_Cyrl,sr,Llama3,0.5945354590991812,0.09854010339629538,0.5957645437304364,2.184846023188834
Swahili,swh_Latn,sw,Llama3,0.49526870654927907,0.09542819306045135,0.4911152152210868,1.93061812273835
Tamil,tam_Taml,ta,Llama3,0.5383110487282227,0.1076242257436997,0.5342719618576648,7.673362380917214
Telugu,tel_Telu,te,Llama3,0.5291332896102409,0.10697679929999643,0.5246576199183042,8.319917288235729
Thai,tha_Thai,th,Llama3,0.6277465692400759,0.1121460203556229,0.6257502054457936,2.2090318292592865
Turkish,tur_Latn,tr,Llama3,0.6649083845463689,0.1104482971220795,0.6603106230477839,1.3922900819732664
Ukrainian,ukr_Cyrl,uk,Llama3,0.6693104781713464,0.10856176570183564,0.665382525938756,1.6404622996824458
Urdu,urd_Arab,ur,Llama3,0.5283581033038823,0.10048016667535503,0.5213413141913602,3.0826748393767076
Vietnamese,vie_Latn,vi,Llama3,0.7261164939720701,0.11294651753176461,0.7235931810913894,1.386086699652906
Chinese (Simplified),zho_Hans,zh,Llama3,0.7637435995747157,0.13557683653167252,0.7607180049057656,1.3073258991211876
Standard Malay,zsm_Latn,ms,Llama3,0.6761867068714926,0.10424633777752204,0.6772274360666484,1.605088250498486
Standard Arabic,arb_Arab,ar,Mistral,0.48031068650053227,0.10067662316878037,0.4728462079818901,3.4716981132075473
Assamese,asm_Beng,as,Mistral,0.2536540952741833,0.054865238599848494,0.25150686514973525,5.676011734115607
North Azerbaijani,azj_Latn,aj,Mistral,0.36316671806147066,0.07862542689515627,0.3566426633043265,2.728115207680512
Bengali,ben_Beng,bn,Mistral,0.3867492776610932,0.0838319893639106,0.3810745421758049,4.8992932862190814
Bulgarian,bul_Cyrl,bg,Mistral,0.6722578363449656,0.11082862505081019,0.6723200760510772,1.925261684112274
Catalan,cat_Latn,ca,Mistral,0.6813773648094446,0.11004292907989387,0.6819079529042085,1.6200746716447763
Czech,ces_Latn,cs,Mistral,0.6652435153952321,0.11187386025774529,0.6621680508989154,1.8634242282818854
Central Kurdish,ckb_Arab,ck,Mistral,0.2837120300943861,0.060740240699945054,0.28021842048021744,4.339555970398027
Danish,dan_Latn,da,Mistral,0.6471359346205404,0.10472304641982035,0.6420216994449466,1.6349756650443363
German,deu_Latn,de,Mistral,0.742435781876474,0.11607475861638389,0.7334206143440527,1.5815387692512834
Greek,ell_Grek,el,Mistral,0.4406325299118871,0.09567913124426264,0.437213658854063,5.2428161877458495
Estonian,est_Latn,et,Mistral,0.3815396867287911,0.082022266086523,0.3782256850437201,1.842656177078472
Basque,eus_Latn,eu,Mistral,0.3448284869989467,0.0703491868792895,0.3389056629062256,1.8901926795119675
Finnish,fin_Latn,fi,Mistral,0.43324901495394613,0.08609695448919867,0.4275882519166716,2.012434162277485
French,fra_Latn,fr,Mistral,0.7757776874706714,0.11565621469832345,0.7720218042183313,1.599973331555437
Gujarati,guj_Gujr,gu,Mistral,0.28460815213895585,0.06400343888179717,0.28144544241665154,8.634142276151744
Haitian Creole,hat_Latn,ht,Mistral,0.36193178682669797,0.0728479175762831,0.3594180433307905,1.667477831855457
Hebrew,heb_Hebr,he,Mistral,0.43658013282607394,0.08992805709817141,0.43147841962292016,3.4089272618174546
Hindi,hin_Deva,hi,Mistral,0.41713862758154413,0.08959874132222886,0.4101053821361179,4.553836922461498
Croatian,hrv_Latn,hr,Mistral,0.6397094832897868,0.11173278237937748,0.6367616051675827,1.784552303486899
Hungarian,hun_Latn,hu,Mistral,0.6187039494108884,0.10880806383380318,0.6132242425186869,2.0053336889125943
Indonesian,ind_Latn,id,Mistral,0.5956509822018748,0.10451815033514925,0.5960311689450952,1.8423561570771385
Italian,ita_Latn,it,Mistral,0.7241887143315631,0.11324388870152767,0.7238315285967561,1.6140076005067006
Japanese,jpn_Jpan,ja,Mistral,0.5894642759226025,0.12097090878167202,0.581860313988602,2.1423094872991535
Kannada,kan_Knda,kn,Mistral,0.31851820956830545,0.07200515739040905,0.3123681218814439,6.266951130075339
Georgian,kat_Geor,ka,Mistral,0.3221779219386523,0.07250612817361761,0.3143019184128069,4.8413227548503235
Korean,kor_Hang,ko,Mistral,0.577992777978572,0.11629518978926708,0.5760798213986323,2.451563437562504
Ligurian,lij_Latn,lj,Mistral,0.28436937429759285,0.061093687489555716,0.27900487449866007,1.9565304353623576
Standard Latvian,lvs_Latn,iv,Mistral,0.3724081149999855,0.07540066518483804,0.36732604708252015,2.19667977865191
Malayalam,mal_Mlym,ml,Mistral,0.276482829412781,0.061263611620141885,0.2723620815178641,10.821954796986466
Marathi,mar_Deva,mr,Mistral,0.3156394451554624,0.06702091864117311,0.3097222178410143,4.6616774451630105
Burmese,mya_Mymr,my,Mistral,0.2942878872175819,0.06679287021748316,0.29244982461023306,8.172544836322421
Dutch,nld_Latn,nl,Mistral,0.7096229725600067,0.12069494981354305,0.7057204897595445,1.5967064470964731
Norwegian Bokmål,nob_Latn,no,Mistral,0.5660917489184389,0.10019006155077485,0.5578517580664357,1.586005733715581
Nepali,npi_Deva,np,Mistral,0.35272218089733065,0.07735292381838078,0.34777170692860115,4.440462697513167
Northern Sotho,nso_Latn,ns,Mistral,0.2990603154051872,0.06479975869247619,0.2934488617385492,2.1157410494032938
Odia,ory_Orya,or,Mistral,0.2331942079038181,0.0516845685726537,0.2286713771750122,11.974164944329623
Eastern Panjabi,pan_Guru,pa,Mistral,0.2542142539885963,0.05711301433270917,0.24977878578254592,10.402193479565303
Portuguese,por_Latn,pr,Mistral,0.7322554480164973,0.11025628615429858,0.732123386003595,1.5513034202280152
Ayacucho Quechua,quy_Latn,qu,Mistral,0.30647882818694056,0.06969936150751999,0.30254949968898365,2.0581372091472763
Romanian,ron_Latn,ro,Mistral,0.6342540665946935,0.10506945963543605,0.6328653343077802,1.813687579171945
Russian,rus_Cyrl,ru,Mistral,0.7412413571934072,0.12562211412417887,0.7356488801922663,1.8547236482432161
Spanish,spa_Latn,es,Mistral,0.7171333280605275,0.11586999193587774,0.7154269791236805,1.5741716114407627
Serbian,srp_Cyrl,sr,Mistral,0.6198514562101177,0.10626393493136434,0.617693111140368,1.9002933528901926
Swahili,swh_Latn,sw,Mistral,0.39265114176043125,0.08151864442516732,0.38691561923115475,1.9396626441762783
Tamil,tam_Taml,ta,Mistral,0.35745104667109434,0.08282443156393103,0.35166393374056626,5.84362290819388
Telugu,tel_Telu,te,Mistral,0.2715529992526424,0.059783711701140246,0.2666389134083784,7.179478631908794
Thai,tha_Thai,th,Mistral,0.44879742206939194,0.10469196674377902,0.44595732184906156,4.219847989865991
Turkish,tur_Latn,tr,Mistral,0.5148001694936164,0.09821451199405108,0.5123184203914783,2.2171478098539903
Ukrainian,ukr_Cyrl,uk,Mistral,0.6812680486305441,0.11358406853530353,0.6777056767877363,1.936562437495833
Urdu,urd_Arab,ur,Mistral,0.36000950955373473,0.07803110608638178,0.35151889723574825,4.30098673244883
Vietnamese,vie_Latn,vi,Mistral,0.5291997949030427,0.10278005539258697,0.5209118157076686,2.9136275751716783
Chinese (Simplified),zho_Hans,zh,Mistral,0.6677548176059852,0.13390690589359963,0.6601762464099338,1.6112074138275885
Standard Malay,zsm_Latn,ms,Mistral,0.5595289963781399,0.09697009468491533,0.5536152111056436,1.9018601240082673
Standard Arabic,arb_Arab,ar,SILMA,0.701563425384466,0.13056475123857184,0.6952846651262318,1.4904444444444445
Assamese,asm_Beng,as,SILMA,0.4350923426028611,0.08828086288656493,0.424887065088435,3.234037037037037
North Azerbaijani,azj_Latn,aj,SILMA,0.5726201979691203,0.11990144635745309,0.5621116181856205,2.098888888888889
Bengali,ben_Beng,bn,SILMA,0.5872033219731352,0.10809836574426931,0.5803700018181835,2.6845925925925926
Bulgarian,bul_Cyrl,bg,SILMA,0.7787292697451147,0.12962822164907425,0.7712219013284805,1.628074074074074
Catalan,cat_Latn,ca,SILMA,0.7565675738095748,0.1207387014666429,0.7530874160505672,1.5261111111111112
Czech,ces_Latn,cs,SILMA,0.7606810774409956,0.12815681714940824,0.7544510979178544,1.5007037037037037
Central Kurdish,ckb_Arab,ck,SILMA,0.42584831495139225,0.08642437749126045,0.41969215772810253,2.8732962962962962
Danish,dan_Latn,da,SILMA,0.7796209900266656,0.12314459910867667,0.7735232351416947,1.3854074074074074
German,deu_Latn,de,SILMA,0.8589361926734685,0.13289454794118025,0.8475805612041476,1.253962962962963
Greek,ell_Grek,el,SILMA,0.7328880729382498,0.13165823909212543,0.7244590877384358,2.300666666666667
Estonian,est_Latn,et,SILMA,0.6542341824569886,0.11732645106568744,0.6496114765296845,1.6274444444444445
Basque,eus_Latn,eu,SILMA,0.5800921510506873,0.11818568560660399,0.5715937135413627,1.6870370370370371
Finnish,fin_Latn,fi,SILMA,0.7182638472912085,0.12989470403787684,0.7087422331122833,1.6157777777777778
French,fra_Latn,fr,SILMA,0.9083931661002428,0.1416443229691339,0.8962981030296551,1.3634444444444445
Gujarati,guj_Gujr,gu,SILMA,0.5122450704323205,0.10950650255540828,0.5067523543163227,3.022037037037037
Haitian Creole,hat_Latn,ht,SILMA,0.459801692897427,0.09146456074660292,0.45252753615753305,1.5369629629629629
Hebrew,heb_Hebr,he,SILMA,0.7112956578412118,0.12022870915512299,0.7045029411266333,1.6272592592592592
Hindi,hin_Deva,hi,SILMA,0.7064034290634313,0.12142381129171771,0.703090068717024,1.8526666666666667
Croatian,hrv_Latn,hr,SILMA,0.715422600902243,0.12604597330077635,0.7099480403226186,1.5975925925925927
Hungarian,hun_Latn,hu,SILMA,0.7449717246890037,0.12848445369089492,0.7344538446777727,1.6717037037037037
Indonesian,ind_Latn,id,SILMA,0.8037555093433458,0.12079161115027447,0.8004357311220229,1.1104444444444443
Italian,ita_Latn,it,SILMA,0.8405383025357167,0.1340126441647704,0.8315535007955196,1.3473333333333333
Japanese,jpn_Jpan,ja,SILMA,0.7767587846911747,0.14759821757214223,0.760306516498026,1.201148148148148
Kannada,kan_Knda,kn,SILMA,0.5064587811988912,0.11355307835700638,0.5042168958225914,3.3203703703703704
Georgian,kat_Geor,ka,SILMA,0.5417820768883153,0.11073732903446235,0.5374554232802236,3.697925925925926
Korean,kor_Hang,ko,SILMA,0.7389525927602683,0.13987197756792155,0.7310541978376398,1.644
Ligurian,lij_Latn,lj,SILMA,0.34552893145302715,0.07132291595094355,0.3388876962996006,1.8514444444444444
Standard Latvian,lvs_Latn,iv,SILMA,0.6619757006380834,0.1299476516820083,0.6499416380718483,1.8140370370370371
Malayalam,mal_Mlym,ml,SILMA,0.5748395795173931,0.10757881238410036,0.564824743825413,3.2542962962962965
Marathi,mar_Deva,mr,SILMA,0.5871210992110525,0.10895954562711915,0.5823660222170135,2.261185185185185
Burmese,mya_Mymr,my,SILMA,0.40901431374550407,0.08775221924313897,0.39993164934451897,4.840592592592593
Dutch,nld_Latn,nl,SILMA,0.8223480014293635,0.14360381224818677,0.8098288553588393,1.3302592592592593
Norwegian Bokmål,nob_Latn,no,SILMA,0.7463399922873313,0.12314651548464454,0.7420497278690832,1.338851851851852
Nepali,npi_Deva,np,SILMA,0.5750720995929278,0.11032375452848278,0.5699602205416798,2.1265185185185187
Northern Sotho,nso_Latn,ns,SILMA,0.383955711519128,0.07922843705743157,0.37557729230408865,1.9945555555555556
Odia,ory_Orya,or,SILMA,0.3352241400231636,0.0703420902965132,0.32987488952714306,5.031592592592593
Eastern Panjabi,pan_Guru,pa,SILMA,0.43131931930781114,0.10882794357363193,0.43026404370855464,3.240666666666667
Portuguese,por_Latn,pr,SILMA,0.8448665527662095,0.1262578611027123,0.8405344611788078,1.2312592592592593
Ayacucho Quechua,quy_Latn,qu,SILMA,0.3542992730396803,0.08106581781914515,0.3478987611032571,1.830851851851852
Romanian,ron_Latn,ro,SILMA,0.7588955578003153,0.12194802598810306,0.7495906124634761,1.557074074074074
Russian,rus_Cyrl,ru,SILMA,0.8593547747187623,0.1488026029073372,0.849565755426039,1.3812592592592592
Spanish,spa_Latn,es,SILMA,0.8329417483570931,0.1367718374120597,0.8172512564455463,1.2665555555555557
Serbian,srp_Cyrl,sr,SILMA,0.6807257460914831,0.11972568929135136,0.6724458735290394,1.756888888888889
Swahili,swh_Latn,sw,SILMA,0.6475451009778181,0.12447855767980556,0.6440369354678526,1.6117037037037036
Tamil,tam_Taml,ta,SILMA,0.5855719646366541,0.12032539251540172,0.5769388383619153,2.5985185185185187
Telugu,tel_Telu,te,SILMA,0.568322951512964,0.11469469881665792,0.5615527147520607,2.8757407407407407
Thai,tha_Thai,th,SILMA,0.6989887633312172,0.13005261292619177,0.6896148706159084,1.8614074074074074
Turkish,tur_Latn,tr,SILMA,0.7472375851582296,0.13043371267516235,0.7398235207183327,1.4017777777777778
Ukrainian,ukr_Cyrl,uk,SILMA,0.769792729609632,0.13044982609006014,0.7650681452787145,1.6585925925925926
Urdu,urd_Arab,ur,SILMA,0.5642280874523795,0.10969751042480061,0.5562282274120189,1.925037037037037
Vietnamese,vie_Latn,vi,SILMA,0.7649151803159705,0.1300185151853754,0.7627251856064137,1.3732222222222221
Chinese (Simplified),zho_Hans,zh,SILMA,0.7992374022743148,0.1511306963511034,0.7896721779478932,1.0988518518518517
Standard Malay,zsm_Latn,ms,SILMA,0.7103901127900378,0.1139370595993412,0.7065870556744134,1.1754814814814816
Standard Arabic,arb_Arab,ar,Falcon,0.41580822215522817,0.09334002327333477,0.41298740917410837,4.328887596758368
Assamese,asm_Beng,as,Falcon,0.23522639766558961,0.05648235730474974,0.23101045744900062,9.530508412981066
North Azerbaijani,azj_Latn,aj,Falcon,0.304791157824186,0.07093959414727971,0.3,2.8985717919831377
Bengali,ben_Beng,bn,Falcon,0.3083941285504954,0.0716367689888672,0.3026315789473684,9.440273285605262
Bulgarian,bul_Cyrl,bg,Falcon,0.43137335323056886,0.09619371521859996,0.4273603489517377,4.737144310789693
Catalan,cat_Latn,ca,Falcon,0.4646828150046757,0.09213687848653072,0.4585708448258249,1.72889486499255
Czech,ces_Latn,cs,Falcon,0.4791681455763409,0.09870574530759907,0.47258828969423733,1.885416288112803
Central Kurdish,ckb_Arab,ck,Falcon,0.2428023653055465,0.05696421304733431,0.23703448275862068,6.120652687429589
Danish,dan_Latn,da,Falcon,0.5287369862984072,0.10523417883624038,0.5252659574468086,1.7159574081476905
German,deu_Latn,de,Falcon,0.6987861175791649,0.12039329190537064,0.6941542656285931,1.5342515535850565
Greek,ell_Grek,el,Falcon,0.41950280151310815,0.09698220153574307,0.41242853058890794,6.255078678635026
Estonian,est_Latn,et,Falcon,0.3569494723755868,0.08243072936744282,0.35193794950498025,1.9351673510920522
Basque,eus_Latn,eu,Falcon,0.3118422113354987,0.06848214568410253,0.30721726190476195,1.9249918232365446
Finnish,fin_Latn,fi,Falcon,0.40315263012871805,0.08315605446543278,0.3986089581463653,2.0571646618454045
French,fra_Latn,fr,Falcon,0.8781662170770455,0.13698865268673688,0.8790452167414051,1.5209143438601591
Gujarati,guj_Gujr,gu,Falcon,0.28115771927606864,0.06587104720100187,0.2759781504065041,11.298651742559144
Haitian Creole,hat_Latn,ht,Falcon,0.34960792206724006,0.07724706173161025,0.34301691216584834,1.723298324672021
Hebrew,heb_Hebr,he,Falcon,0.388184023355015,0.08701059361998205,0.38402464422075666,4.773812552240433
Hindi,hin_Deva,hi,Falcon,0.36950980595304894,0.08600909083892146,0.36666666666666664,7.211360250027256
Croatian,hrv_Latn,hr,Falcon,0.4536113228726134,0.09450542401068456,0.44735573726898015,1.9120543663916851
Hungarian,hun_Latn,hu,Falcon,0.37818880877214833,0.07919151545119452,0.3787878787878788,2.3980811861758187
Indonesian,ind_Latn,id,Falcon,0.5900737583668134,0.11142650762301307,0.5851095993953137,1.8386815423192935
Italian,ita_Latn,it,Falcon,0.7471396528271391,0.12719037225539095,0.7409632724164072,1.5303993894683288
Japanese,jpn_Jpan,ja,Falcon,0.5576850637731122,0.12494422153653567,0.5517241379310345,2.930806410582549
Kannada,kan_Knda,kn,Falcon,0.27062262321946856,0.061940880389664874,0.26481562774363476,12.69495221136025
Georgian,kat_Geor,ka,Falcon,0.27547189754627793,0.0663141433302029,0.2680292628805215,9.685103754042956
Korean,kor_Hang,ko,Falcon,0.4103847144867526,0.09366435462356115,0.4075,5.042809899334957
Ligurian,lij_Latn,lj,Falcon,0.26455418435907996,0.06021034389670075,0.25886081628467417,2.003779481774903
Standard Latvian,lvs_Latn,iv,Falcon,0.34750018312761316,0.0780225406655051,0.3441402557341161,2.3421884653123524
Malayalam,mal_Mlym,ml,Falcon,0.27167781576091293,0.0629486840250929,0.2678521763315255,11.643711160373588
Marathi,mar_Deva,mr,Falcon,0.27909458260346787,0.062043028887340625,0.27483758659057467,7.685285459897518
Burmese,mya_Mymr,my,Falcon,0.22576562849059895,0.05386697978857366,0.22133133645041886,11.51775266199077
Dutch,nld_Latn,nl,Falcon,0.6084715234182223,0.12192840491239113,0.5992832282717161,1.528218919213577
Norwegian Bokmål,nob_Latn,no,Falcon,0.5137305751826466,0.09942320488586719,0.5090641886957792,1.6432023839808119
Nepali,npi_Deva,np,Falcon,0.3041621530359874,0.07148252421860943,0.29970930232558135,7.195442817167569
Northern Sotho,nso_Latn,ns,Falcon,0.2716800348289204,0.06292126548366878,0.26767855654637884,2.1750190791147292
Odia,ory_Orya,or,Falcon,0.23891790796179752,0.05498113754598524,0.23440741701244813,12.406221608460225
Eastern Panjabi,pan_Guru,pa,Falcon,0.25362093529856583,0.060432747933268686,0.24946581196581197,11.552603844895883
Portuguese,por_Latn,pr,Falcon,0.7224586928393927,0.11982353711676186,0.7230927122708612,1.4942762655812771
Ayacucho Quechua,quy_Latn,qu,Falcon,0.252761515892132,0.06138900369178186,0.24879146864225143,2.082240069775048
Romanian,ron_Latn,ro,Falcon,0.5124267022511501,0.10250554443835436,0.5100256294286145,1.7400152632917834
Russian,rus_Cyrl,ru,Falcon,0.5298378540254471,0.1197553105376875,0.5289238918316141,5.04371842860777
Spanish,spa_Latn,es,Falcon,0.7208879702942483,0.12602559665424573,0.7167148362235067,1.5384671294109096
Serbian,srp_Cyrl,sr,Falcon,0.3369775237117929,0.07261835554717391,0.33463836959852894,4.649562088890504
Swahili,swh_Latn,sw,Falcon,0.3902944462956771,0.084653132128491,0.3860198872295032,1.9849184140713014
Tamil,tam_Taml,ta,Falcon,0.30594779365838976,0.0725897894282804,0.3020833333333333,14.737289675473344
Telugu,tel_Telu,te,Falcon,0.2925158806628124,0.06945905350338374,0.284239470243847,9.722244430715557
Thai,tha_Thai,th,Falcon,0.37595004071583554,0.09379830791531753,0.37328544949026876,8.247883126794346
Turkish,tur_Latn,tr,Falcon,0.4534642827724749,0.09648631942961707,0.44764254385964913,2.2921103317948903
Ukrainian,ukr_Cyrl,uk,Falcon,0.39070593805387127,0.0856318828304957,0.3890145801910508,4.982265508594687
Urdu,urd_Arab,ur,Falcon,0.3230019321221547,0.07353242010592094,0.3175482794122235,5.87832975978486
Vietnamese,vie_Latn,vi,Falcon,0.4528837629432838,0.09886694288640939,0.44543400588482557,3.6463277246792893
Chinese (Simplified),zho_Hans,zh,Falcon,0.7851339038143343,0.16668244018058267,0.7720779220779221,1.8891594287167932
Standard Malay,zsm_Latn,ms,Falcon,0.5536427638774795,0.10470039879749134,0.5529857397504456,1.8897408874513937
